Name of Location (if applicable),Address,City,State,Zipcode,(Sub Categories: School & Family),Full Address,Longitude,Latitude
Alexander Valley Elementary School,"8511 Hwy 128, Healdsburg, CA 95448",Healdsburg,CA,95448,"Family Shows, School Shows","8511 Hwy 128, Healdsburg, CA 95448 Healdsburg CA",-122.794013,38.6550293
Austin Creek Elementary School,"1480 Snowy Egret Dr, Santa Rosa, CA 95409",Santa Rosa,CA,95409,"Family Shows, School Shows","1480 Snowy Egret Dr, Santa Rosa, CA 95409 Santa Rosa CA",-122.6375698,38.4653119
Sonoma County Homeschoolers Non-Profit,"801 Quail St, Healdsburg, CA 95448",Healdsburg,CA,95448,School Shows,"801 Quail St, Healdsburg, CA 95448 Healdsburg CA",-122.8556543,38.6101874
Oak Grove Elementary School,"8760 Bower St, Santa Rosa, CA 95472",Santa Rosa,CA,95472,School Shows,"8760 Bower St, Santa Rosa, CA 95472 Santa Rosa CA",-122.8640168,38.4324317
The Presentation School,"20872 Broadway, Santa Rosa, CA 95476",Santa Rosa,CA,95476,School Shows,"20872 Broadway, Santa Rosa, CA 95476 Santa Rosa CA",-122.7140548,38.440429
Harmony Elementary School,"1935 Bohemian Hwy, Occidental, CA 95465",Occidental,CA,95465,School Shows,"1935 Bohemian Hwy, Occidental, CA 95465 Occidental CA",-122.9307362,38.388662
Village Elementary School,"900 Yulupa Ave, Santa Rosa, CA 95405",Santa Rosa,CA,95405,School Shows,"900 Yulupa Ave, Santa Rosa, CA 95405 Santa Rosa CA",-122.6750259,38.4453945
Yulupa Elementary School,"2250 Mesquite Dr, Santa Rosa, CA 95405",Santa Rosa,CA,95405,School Shows,"2250 Mesquite Dr, Santa Rosa, CA 95405 Santa Rosa CA",-122.6733487,38.429427
Lincoln Elementary School,"170 Liberty School Rd, Petaluma, CA 94952",Petaluma,CA,94952,School Shows,"170 Liberty School Rd, Petaluma, CA 94952 Petaluma CA",-122.7061959,38.2787482
Pathways Charter School,"150 Professional Center Dr Ste C, Rohnert Park, CA 94928",Rohnert Park,CA,94928,School Shows,"150 Professional Center Dr Ste C, Rohnert Park, CA 94928 Rohnert Park CA",-122.7102843,38.3544294
Old Adobe Charter School,"2856 Adobe Rd, Petaluma, CA 94954",Petaluma,CA,94954,School Shows,"2856 Adobe Rd, Petaluma, CA 94954 Petaluma CA",-122.5980462,38.2621834
Apple Blossom Elementary School,"700 Watertrough Rd, Sebastopol, CA 95472",Sebastopol,CA,95472,School Shows,"700 Watertrough Rd, Sebastopol, CA 95472 Sebastopol CA",-122.8535094,38.3881643
R.L. Stevens Elementary School,"2345 Giffen Ave, Santa Rosa, CA 95407",Santa Rosa,CA,95407,School Shows,"2345 Giffen Ave, Santa Rosa, CA 95407 Santa Rosa CA",-122.7412082,38.4192526
Healdsburg Elementary School - Fitch Mountain Campus,"520 Monte Vista Ave, Healdsburg, CA 95448",Healdsburg,CA,95448,School Shows,"520 Monte Vista Ave, Healdsburg, CA 95448 Healdsburg CA",-122.8632238,38.6234439
Kenwood Elementary School,"230 Randolph Ave, Kenwood, CA 95452",Kenwood,CA,95452,School Shows,"230 Randolph Ave, Kenwood, CA 95452 Kenwood CA",-122.5538016,38.4155804
Mark West Elementary School,"4600 Lavell Rd, Santa Rosa, CA 95403",Santa Rosa,CA,95403,School Shows,"4600 Lavell Rd, Santa Rosa, CA 95403 Santa Rosa CA",-122.7592906,38.5025189
Meadow View Elementary School,"2665 Dutton Meadow Ave, Santa Rosa, CA 95407",Santa Rosa,CA,95407,School Shows,"2665 Dutton Meadow Ave, Santa Rosa, CA 95407 Santa Rosa CA",-122.7294971,38.41252009999999
Flowery Elementary School,"17600 Sonoma Ave, Sonoma, CA 95476",Sonoma,CA,95476,School Shows,"17600 Sonoma Ave, Sonoma, CA 95476 Sonoma CA",-122.4871369,38.319364
Mattie Washburn Elementary School,"75 Pleasant Ave, Santa Rosa, CA 95403",Santa Rosa,CA,95403,School Shows,"75 Pleasant Ave, Santa Rosa, CA 95403 Santa Rosa CA",-122.791925,38.541559
Manzanita Elementary School,"1687 Yulupa Ave, Santa Rosa, CA 95405",Santa Rosa,CA,95405,School Shows,"1687 Yulupa Ave, Santa Rosa, CA 95405 Santa Rosa CA",-122.6707515,38.4374958
Woodside West School,"2577 Guerneville Rd, Sonoma, CA 95401",Sonoma,CA,95401,School Shows,"2577 Guerneville Rd, Sonoma, CA 95401 Sonoma CA",-122.7724314,38.4529568
Riebli Elementary School,"315 Mark West Springs Rd, Santa Rosa, CA 95404",Santa Rosa,CA,95404,School Shows,"315 Mark West Springs Rd, Santa Rosa, CA 95404 Santa Rosa CA",-122.7417595,38.5009003
Village Charter School,"2590 Piner Rd, Santa Rosa, CA 95401",Santa Rosa,CA,95401,School Shows,"2590 Piner Rd, Santa Rosa, CA 95401 Santa Rosa CA",-122.7722219,38.4660864
San Miguel Elementary School,"5350 Faught Rd, Santa Rosa, CA 95403",Santa Rosa,CA,95403,School Shows,"5350 Faught Rd, Santa Rosa, CA 95403 Santa Rosa CA",-122.7595552,38.5142697
Thomas Page Academy,"1075 Madrone Ave, Rohnert Park, CA 94928",Rohnert Park,CA,94928,School Shows,"1075 Madrone Ave, Rohnert Park, CA 94928 Rohnert Park CA",-122.7011951,38.3437823
St. John's Catholic School,"217 Fitch St, Healdsburg, CA 95448",Healdsburg,CA,95448,School Shows,"217 Fitch St, Healdsburg, CA 95448 Healdsburg CA",-122.8672642,38.6103583
Anova Center for Education,"50 Mark West Springs Rd, Santa Rosa, CA 95403",Santa Rosa,CA,95403,School Shows,"50 Mark West Springs Rd, Santa Rosa, CA 95403 Santa Rosa CA",-122.7489267,38.4933796
Montgomery Elementary School,"18620 Fort Ross Rd, Cazadero, CA 95421",Cazadero,CA,95421,School Shows,"18620 Fort Ross Rd, Cazadero, CA 95421 Cazadero CA",-123.092044,38.5395543
The Healdsburg School,"33-H Healdsburg Ave, Healdsburg, CA 95448",Healdsburg,CA,95448,School Shows,"33-H Healdsburg Ave, Healdsburg, CA 95448 Healdsburg CA",-122.8640243,38.6031532
Heartwood Charter School,"170 Liberty School Rd, Petaluma, CA 94952",Petaluma,CA,94952,School Shows,"170 Liberty School Rd, Petaluma, CA 94952 Petaluma CA",-122.7061959,38.2787482
Loma Vista Immersion Academy,"207 Maria Dr, Petaluma, CA 94954",Petaluma,CA,94954,School Shows,"207 Maria Dr, Petaluma, CA 94954 Petaluma CA",-122.6269507,38.2557572
Sonoma Country Day School,"4400 Day School Pl, Santa Rosa, CA 95403",Santa Rosa,CA,95403,School Shows,"4400 Day School Pl, Santa Rosa, CA 95403 Santa Rosa CA",-122.7877307,38.516932
Hillcrest Middle School,"725 Bloomfield Rd, Sebastopol, CA 95472",Sebastopol,CA,95472,School Shows,"725 Bloomfield Rd, Sebastopol, CA 95472 Sebastopol CA",-122.805482,38.37012199999999
Olivet Charter School,"1825 Willowside Rd, Santa Rosa, CA 95401",Santa Rosa,CA,95401,School Shows,"1825 Willowside Rd, Santa Rosa, CA 95401 Santa Rosa CA",-122.8089895,38.4642009
Orchard View School,"700 Watertrough Rd, Sebastopol, CA 95472",Sebastopol,CA,95472,School Shows,"700 Watertrough Rd, Sebastopol, CA 95472 Sebastopol CA",-122.8535094,38.3881643
Strawberry Elementary School,"2311 Horseshoe Dr, Santa Rosa, CA 95405",Santa Rosa,CA,95405,School Shows,"2311 Horseshoe Dr, Santa Rosa, CA 95405 Santa Rosa CA",-122.6613428,38.4346479
Evergreen Elementary School,"1125 Emily Ave, Rohnert Park, CA 94928",Rohnert Park,CA,94928,School Shows,"1125 Emily Ave, Rohnert Park, CA 94928 Rohnert Park CA",-122.6902075,38.356685
McKinley Elementary School,"111 Ellis St, Petaluma, CA 94952",Petaluma,CA,94952,School Shows,"111 Ellis St, Petaluma, CA 94952 Petaluma CA",-122.6328125,38.2451995
Spring Lake Middle School,"4676 Mayette Ave, Santa Rosa, CA 95405",Santa Rosa,CA,95405,School Shows,"4676 Mayette Ave, Santa Rosa, CA 95405 Santa Rosa CA",-122.6659962,38.4441182
Liberty Elementary School,"170 Liberty School Rd, Petaluma, CA 94952",Petaluma,CA,94952,School Shows,"170 Liberty School Rd, Petaluma, CA 94952 Petaluma CA",-122.7061959,38.2787482
Monroe Elementary School,"2568 Marlow Rd, Santa Rosa, CA 95404",Santa Rosa,CA,95404,School Shows,"2568 Marlow Rd, Santa Rosa, CA 95404 Santa Rosa CA",-122.7514458,38.457026
Madrone Elementary School,"4550 Rinconada Dr, Santa Rosa, CA 95409",Santa Rosa,CA,95409,School Shows,"4550 Rinconada Dr, Santa Rosa, CA 95409 Santa Rosa CA",-122.6740107,38.46863829999999
Roseland Creek Elementary School,"1683 Burbank Ave, Santa Rosa, CA 95407",Santa Rosa,CA,95407,School Shows,"1683 Burbank Ave, Santa Rosa, CA 95407 Santa Rosa CA",-122.7355533,38.4231445
Taylor Mountain Elementary School,"1210 E Bellevue Way, Santa Rosa, CA 95407",Santa Rosa,CA,95407,School Shows,"1210 E Bellevue Way, Santa Rosa, CA 95407 Santa Rosa CA",-122.7140548,38.440429
Forestville Elementary School,"6321 Hwy 116, Forestville, CA 95436",Forestville,CA,95436,School Shows,"6321 Hwy 116, Forestville, CA 95436 Forestville CA",-122.8870983,38.4737503
Woodland Star Charter School,"17811 Arnold Dr, Sonoma, CA 95476",Sonoma,CA,95476,School Shows,"17811 Arnold Dr, Sonoma, CA 95476 Sonoma CA",-122.4955458,38.3127372
Santa Rosa Charter School for the Arts,"756 Humboldt St, Santa Rosa, CA 95404",Santa Rosa,CA,95404,School Shows,"756 Humboldt St, Santa Rosa, CA 95404 Santa Rosa CA",-122.7136595,38.4471747
Castle Preschool,"7450 Bodega Ave, Sebastopol, CA 95472",Sebastopol,CA,95472,School Shows,"7450 Bodega Ave, Sebastopol, CA 95472 Sebastopol CA",-122.8299574,38.4003655
Mark West Charter School,"5350 Faught Rd, Santa Rosa, CA 95403",Santa Rosa,CA,95403,School Shows,"5350 Faught Rd, Santa Rosa, CA 95403 Santa Rosa CA",-122.7595552,38.5142697
Penngrove Elementary School,"365 Adobe Rd, Penngrove, CA 94951",Penngrove,CA,94951,School Shows,"365 Adobe Rd, Penngrove, CA 94951 Penngrove CA",-122.6680522,38.3001133
Windsor High School,"8695 Windsor Rd, Windsor, CA 95492",Windsor,CA,95492,School Shows,"8695 Windsor Rd, Windsor, CA 95492 Windsor CA",-122.8176174,38.5421435
Cali Calmécac Language Academy,"9491 Starr Rd, Windsor, CA 95492",Windsor,CA,95492,School Shows,"9491 Starr Rd, Windsor, CA 95492 Windsor CA",-122.826564,38.5500885
Schaefer Charter School,"1370 San Miguel Rd, Santa Rosa, CA 95403",Santa Rosa,CA,95403,School Shows,"1370 San Miguel Rd, Santa Rosa, CA 95403 Santa Rosa CA",-122.7457488,38.4745819
McDowell Elementary School,"421 S McDowell Blvd, Petaluma, CA 94954",Petaluma,CA,94954,School Shows,"421 S McDowell Blvd, Petaluma, CA 94954 Petaluma CA",-122.6202828,38.2467186
Sequoia Elementary School,"5305 Dupont Dr, Santa Rosa, CA 95409",Santa Rosa,CA,95409,School Shows,"5305 Dupont Dr, Santa Rosa, CA 95409 Santa Rosa CA",-122.6529556,38.4698037
Redwood Adventist Academy,"385 Mark West Springs Rd, Santa Rosa, CA 95404",Santa Rosa,CA,95404,School Shows,"385 Mark West Springs Rd, Santa Rosa, CA 95404 Santa Rosa CA",-122.740282,38.50211669999999
La Tercera Elementary School,"1600 Albin Way, Petaluma, CA 94954",Petaluma,CA,94954,School Shows,"1600 Albin Way, Petaluma, CA 94954 Petaluma CA",-122.6087124,38.2465514
SCOE - Special Education,"8511 Liman Way, Rohnert Park, CA 94928",Rohnert Park,CA,94928,School Shows,"8511 Liman Way, Rohnert Park, CA 94928 Rohnert Park CA",-122.6921272,38.3252619
Healdsburg Elementary School - HES Campus,"400 1st St, Healdsburg, CA 95448",Healdsburg,CA,95448,School Shows,"400 1st St, Healdsburg, CA 95448 Healdsburg CA",-122.8613735,38.6131005
The REACH School,"487 Watertrough Rd, Sebastopol, CA 95472",Sebastopol,CA,95472,School Shows,"487 Watertrough Rd, Sebastopol, CA 95472 Sebastopol CA",-122.8504693,38.3913272
Healdsburg Charter School - HES Campus,"400 1st St, Healdsburg, CA 95448",Healdsburg,CA,95448,School Shows,"400 1st St, Healdsburg, CA 95448 Healdsburg CA",-122.8613735,38.6131005
Jack London Elementary School,"2707 Francisco Ave, Santa Rosa, CA 95403",Santa Rosa,CA,95403,School Shows,"2707 Francisco Ave, Santa Rosa, CA 95403 Santa Rosa CA",-122.7650564,38.4798227
Victory Christian Academy,"4585 Badger Rd, Santa Rosa, CA 95409",Santa Rosa,CA,95409,School Shows,"4585 Badger Rd, Santa Rosa, CA 95409 Santa Rosa CA",-122.6748162,38.483296
Meadow Elementary School,"880 Maria Dr, Petaluma, CA 94954",Petaluma,CA,94954,School Shows,"880 Maria Dr, Petaluma, CA 94954 Petaluma CA",-122.6445787,38.26611370000001
Kid Street Learning Center,"709 Davis St, Santa Rosa, CA 95401",Santa Rosa,CA,95401,School Shows,"709 Davis St, Santa Rosa, CA 95401 Santa Rosa CA",-122.7220634,38.4409933
Cross & Crown Lutheran School,"5475 Snyder Ln, Rohnert Park, CA 94928",Rohnert Park,CA,94928,School Shows,"5475 Snyder Ln, Rohnert Park, CA 94928 Rohnert Park CA",-122.6864071,38.3398132
Forestville Academy,"6321 Hwy 116, Forestville, CA 95436",Forestville,CA,95436,School Shows,"6321 Hwy 116, Forestville, CA 95436 Forestville CA",-122.8870983,38.4737503
Adele Harrison Middle School,"1150 Broadway, Sonoma, CA 95476",Sonoma,CA,95476,School Shows,"1150 Broadway, Sonoma, CA 95476 Sonoma CA",-122.4587847,38.2796139
Two Rock Union School,"5001 Spring Hill Rd, Petaluma, CA 94952",Petaluma,CA,94952,School Shows,"5001 Spring Hill Rd, Petaluma, CA 94952 Petaluma CA",-122.7787807,38.2551858
Salmon Creek Harmony ARK,"1935 Bohemian Hwy, Occidental, CA 95465",Occidental,CA,95465,School Shows,"1935 Bohemian Hwy, Occidental, CA 95465 Occidental CA",-122.9307362,38.388662
Grant Elementary School,"200 Grant Ave, Petaluma, CA 94952",Petaluma,CA,94952,School Shows,"200 Grant Ave, Petaluma, CA 94952 Petaluma CA",-122.6302182,38.2203968
Sonoma Mountain Elementary School,"1900 Rainier Cir, Petaluma, CA 94954",Petaluma,CA,94954,School Shows,"1900 Rainier Cir, Petaluma, CA 94954 Petaluma CA",-122.6293793,38.2672943
University Elementary at La Fiesta,"8511 Liman Way, Rohnert Park, CA 94928",Rohnert Park,CA,94928,School Shows,"8511 Liman Way, Rohnert Park, CA 94928 Rohnert Park CA",-122.6921272,38.3252619
The Little School House Inc.,"270 Mark West Station Rd, Windsor, CA 95492",Windsor,CA,95492,School Shows,"270 Mark West Station Rd, Windsor, CA 95492 Windsor CA",-122.7748124,38.5144088
Bellevue Elementary School,"3223 Primrose Ave, Santa Rosa, CA 95407",Santa Rosa,CA,95407,School Shows,"3223 Primrose Ave, Santa Rosa, CA 95407 Santa Rosa CA",-122.7356064,38.3977054
Geyserville Elementary School,"21486 Geyserville Ave, Geyserville, CA 95442",Geyserville,CA,95442,School Shows,"21486 Geyserville Ave, Geyserville, CA 95442 Geyserville CA",-122.5259596,38.3747503
Whited Elementary School,"4995 Sonoma Hwy, Santa Rosa, CA 95409",Santa Rosa,CA,95409,School Shows,"4995 Sonoma Hwy, Santa Rosa, CA 95409 Santa Rosa CA",-122.6621374,38.465539
Biella Elementary School,"2140 Jennings, Santa Rosa, CA 95401",Santa Rosa,CA,95401,School Shows,"2140 Jennings, Santa Rosa, CA 95401 Santa Rosa CA",-122.7553436,38.4496506
Roseland Elementary School,"950 Sebastopol Rd, Santa Rosa, CA 95407",Santa Rosa,CA,95407,School Shows,"950 Sebastopol Rd, Santa Rosa, CA 95407 Santa Rosa CA",-122.7302724,38.4286889
César Chávez Language Academy,"2750 W Steele Ln, Santa Rosa, CA 95403",Santa Rosa,CA,95403,School Shows,"2750 W Steele Ln, Santa Rosa, CA 95403 Santa Rosa CA",-122.7465528,38.4567389
Corona Creek Elementary School,"1851 Hartman Ln, Petaluma, CA 94954",Petaluma,CA,94954,School Shows,"1851 Hartman Ln, Petaluma, CA 94954 Petaluma CA",-122.6483423,38.2756902
Sheppard Accelerated Elementary School,"1777 West Ave, Santa Rosa, CA 95407",Santa Rosa,CA,95407,School Shows,"1777 West Ave, Santa Rosa, CA 95407 Santa Rosa CA",-122.7280413,38.4193803
Monte Rio Union School,"20700 Foothill Dr, Monte Rio, CA 95462",Monte Rio,CA,95462,School Shows,"20700 Foothill Dr, Monte Rio, CA 95462 Monte Rio CA",-123.0148319,38.4717579
Petaluma Accelerated Charter School,"110 Ellis St, Petaluma, CA 94952",Petaluma,CA,94952,School Shows,"110 Ellis St, Petaluma, CA 94952 Petaluma CA",-122.6337506,38.2441147
Dunbar Elementary School,"11700 Dunbar Rd, Glen Ellen, CA 95442",Glen Ellen,CA,95442,School Shows,"11700 Dunbar Rd, Glen Ellen, CA 95442 Glen Ellen CA",-122.5261182,38.3870657
Wright Charter School,"4389 Price Ave, Santa Rosa, CA 95407",Santa Rosa,CA,95407,School Shows,"4389 Price Ave, Santa Rosa, CA 95407 Santa Rosa CA",-122.7738424,38.4195544
J.X. Wilson Elementary School,"246 Brittain Ln, Santa Rosa, CA 95401",Santa Rosa,CA,95401,School Shows,"246 Brittain Ln, Santa Rosa, CA 95401 Santa Rosa CA",-122.74937,38.43307
West Side Union School,"1201 Felta Rd, Healdsburg, CA 95448",Healdsburg,CA,95448,School Shows,"1201 Felta Rd, Healdsburg, CA 95448 Healdsburg CA",-122.8837289,38.5801095
Cardinal Newman High School,"4320 Old Redwood Hwy, Santa Rosa, CA 95403",Santa Rosa,CA,95403,School Shows,"4320 Old Redwood Hwy, Santa Rosa, CA 95403 Santa Rosa CA",-122.7391123,38.490942
Marguerite Hahn Elementary School,"825 Hudis St, Rohnert Park, CA 94928",Rohnert Park,CA,94928,School Shows,"825 Hudis St, Rohnert Park, CA 94928 Rohnert Park CA",-122.6944879,38.36503889999999
Cinnabar Elementary School & District,"2750 W Steele Ln, Santa Rosa, CA 95403",Santa Rosa,CA,95403,School Shows,"2750 W Steele Ln, Santa Rosa, CA 95403 Santa Rosa CA",-122.7465528,38.4567389
John Reed Elementary School,"390 Arlen Dr, Rohnert Park, CA 94928",Rohnert Park,CA,94928,School Shows,"390 Arlen Dr, Rohnert Park, CA 94928 Rohnert Park CA",-122.7059604,38.340672
Roseland Collegiate Prep,"80 Ursuline Rd, Santa Rosa, CA 95403",Santa Rosa,CA,95403,School Shows,"80 Ursuline Rd, Santa Rosa, CA 95403 Santa Rosa CA",-122.7398409,38.4952702
Roseland Accelerated Middle School,"1777 West Ave, Santa Rosa, CA 95407",Santa Rosa,CA,95407,School Shows,"1777 West Ave, Santa Rosa, CA 95407 Santa Rosa CA",-122.7280413,38.4193803
Helen Lehman Elementary School,"1700 Jennings Ave, Santa Rosa, CA 95401",Santa Rosa,CA,95401,School Shows,"1700 Jennings Ave, Santa Rosa, CA 95401 Santa Rosa CA",-122.7435195,38.4490968
Analy High School,"950 Analy Ave, Sebastopol, CA 95472",Sebastopol,CA,95472,School Shows,"950 Analy Ave, Sebastopol, CA 95472 Sebastopol CA",-122.8264286,38.4068311
Healdsburg Junior High School,"315 Grant St, Healdsburg, CA 95448",Healdsburg,CA,95448,School Shows,"315 Grant St, Healdsburg, CA 95448 Healdsburg CA",-122.8669023,38.6165838
Roseland University Prep,"1931 Biwana Dr, Santa Rosa, CA 95407",Santa Rosa,CA,95407,School Shows,"1931 Biwana Dr, Santa Rosa, CA 95407 Santa Rosa CA",-122.7309734,38.4188084
Kawana Springs Elementary School,"2121 Moraga, Santa Rosa, CA 95404",Santa Rosa,CA,95404,School Shows,"2121 Moraga, Santa Rosa, CA 95404 Santa Rosa CA",-122.7006656,38.421003
St. Vincent de Paul Elementary School,"Union & Howard Sts, Petaluma, CA 94952",Petaluma,CA,94952,School Shows,"Union & Howard Sts, Petaluma, CA 94952 Petaluma CA",-122.6466876,38.2347292
Pod School,"5733 Evening Way, Santa Rosa, CA 95409",Santa Rosa,CA,95409,School Shows,"5733 Evening Way, Santa Rosa, CA 95409 Santa Rosa CA",-122.6441924,38.4643868
Rincon Valley Home Study,"1687 Yulupa Ave, Santa Rosa, CA 95405",Santa Rosa,CA,95405,School Shows,"1687 Yulupa Ave, Santa Rosa, CA 95405 Santa Rosa CA",-122.6707515,38.4374958
Gravenstein Elementary School,"3480 Twig Ave, Sebastopol, CA 95472",Sebastopol,CA,95472,School Shows,"3480 Twig Ave, Sebastopol, CA 95472 Sebastopol CA",-122.7848276,38.3651733
Miwok Valley Elementary School,"1010 Saint Francis Dr, Petaluma, CA 94954",Petaluma,CA,94954,School Shows,"1010 Saint Francis Dr, Petaluma, CA 94954 Petaluma CA",-122.6102345,38.2359759
Steele Lane Elementary School,"301 Steele Ln, Santa Rosa, CA 95403",Santa Rosa,CA,95403,School Shows,"301 Steele Ln, Santa Rosa, CA 95403 Santa Rosa CA",-122.720728,38.461633
West County Special Education Consortium,"462 Johnson St, Sebastopol, CA 95472",Sebastopol,CA,95472,School Shows,"462 Johnson St, Sebastopol, CA 95472 Sebastopol CA",-122.8231265,38.4063
Monte Vista Elementary,"1400 Magnolia Ave, Rohnert Park, CA 94928",Rohnert Park,CA,94928,School Shows,"1400 Magnolia Ave, Rohnert Park, CA 94928 Rohnert Park CA",-122.6809553,38.3296522
Brook Hill Elementary School,"1850 Vallejo St, Santa Rosa, CA 95404",Santa Rosa,CA,95404,School Shows,"1850 Vallejo St, Santa Rosa, CA 95404 Santa Rosa CA",-122.6928773,38.43748009999999
Journey Academy,"1800 Gravenstein Hwy N, Sebastopol, CA 95472",Sebastopol,CA,95472,School Shows,"1800 Gravenstein Hwy N, Sebastopol, CA 95472 Sebastopol CA",-122.8473679,38.4224545
Santa Rosa French-American Charter School,"1350 Sonoma Ave, Sonoma, CA 95405",Sonoma,CA,95405,School Shows,"1350 Sonoma Ave, Sonoma, CA 95405 Sonoma CA",-122.6966501,38.4413615
Pivot Online Charter School - North Bay,"2999 Cleveland Ave Ste D, Santa Rosa, CA 95403",Santa Rosa,CA,95403,School Shows,"2999 Cleveland Ave Ste D, Santa Rosa, CA 95403 Santa Rosa CA",-122.7520139,38.4739555
Piner-Olivet Charter School,"2707 Francisco Ave, Santa Rosa, CA 95403",Santa Rosa,CA,95403,School Shows,"2707 Francisco Ave, Santa Rosa, CA 95403 Santa Rosa CA",-122.7650564,38.4798227
New Horizon School and Learning Center,"827 3rd St, Santa Rosa, CA 95404",Santa Rosa,CA,95404,School Shows,"827 3rd St, Santa Rosa, CA 95404 Santa Rosa CA",-122.7094305,38.4417215
Windsor Middle School,"9500 Brooks Rd S, Windsor, CA 95492",Windsor,CA,95492,School Shows,"9500 Brooks Rd S, Windsor, CA 95492 Windsor CA",-122.806422,38.5579244
Healdsburg High School,"1024 Prince Ave, Healdsburg, CA 95448",Healdsburg,CA,95448,School Shows,"1024 Prince Ave, Healdsburg, CA 95448 Healdsburg CA",-122.8673967,38.6223606
The Spring Hill School,"825 Middlefield Dr, Petaluma, CA 94952",Petaluma,CA,94952,School Shows,"825 Middlefield Dr, Petaluma, CA 94952 Petaluma CA",-122.6239922,38.2240703
Park Side Elementary School,"7450 Bodega Ave, Sebastopol, CA 95472",Sebastopol,CA,95472,School Shows,"7450 Bodega Ave, Sebastopol, CA 95472 Sebastopol CA",-122.8299574,38.4003655
Lawrence Jones Middle School,"5154 Snyder Ln, Rohnert Park, CA 94928",Rohnert Park,CA,94928,School Shows,"5154 Snyder Ln, Rohnert Park, CA 94928 Rohnert Park CA",-122.6836995,38.3538657
Ridgway High School,"325 Ridgway Ave, Santa Rosa, CA 95401",Santa Rosa,CA,95401,School Shows,"325 Ridgway Ave, Santa Rosa, CA 95401 Santa Rosa CA",-122.7224388,38.4496895
Proctor Terrace Elementary School,"1711 Bryden Ln, Santa Rosa, CA 95404",Santa Rosa,CA,95404,School Shows,"1711 Bryden Ln, Santa Rosa, CA 95404 Santa Rosa CA",-122.697312,38.451937
Elsie Allen High School,"599 Bellevue Ave, Santa Rosa, CA 95407",Santa Rosa,CA,95407,School Shows,"599 Bellevue Ave, Santa Rosa, CA 95407 Santa Rosa CA",-122.7343714,38.4047185
Live Oak Charter School,"100 Gnoss Concourse, Bldg 1, Petaluma, CA 94952",Petaluma,CA,94952,School Shows,"100 Gnoss Concourse, Bldg 1, Petaluma, CA 94952 Petaluma CA",-122.627558,38.240567
Mary Collins Elementary School at Cherry Valley,"1001 Cherry St, Petaluma, CA 94952",Petaluma,CA,94952,School Shows,"1001 Cherry St, Petaluma, CA 94952 Petaluma CA",-122.6548317,38.2431797
Willowside Middle School,"5285 Hall Rd, Santa Rosa, CA 95401",Santa Rosa,CA,95401,School Shows,"5285 Hall Rd, Santa Rosa, CA 95401 Santa Rosa CA",-122.8054963,38.4384654
